{
    "last_state": {
        "epoch": 1934,
        "train": {
            "loss": 0.010350767523050308
        },
        "test": {
            "loss": 0.07864692807197571
        }
    },
    "best_state": {
        "train": {
            "epoch": 1756,
            "train": {
                "loss": 0.07527004927396774
            },
            "test": {
                "loss": 0.07527004927396774
            }
        },
        "test": {
            "epoch": 1756,
            "train": {
                "loss": 0.07527004927396774
            },
            "test": {
                "loss": 0.07527004927396774
            }
        }
    }
}