{
    "last_state": {
        "epoch": 545,
        "train": {
            "loss": 0.007507551461458206
        },
        "test": {
            "loss": 0.1717308908700943
        }
    },
    "best_state": {
        "train": {
            "epoch": 470,
            "train": {
                "loss": 0.0003112269041594118
            },
            "test": {
                "loss": 0.13490352034568787
            }
        },
        "test": {
            "epoch": 27,
            "train": {
                "loss": 0.029870327562093735
            },
            "test": {
                "loss": 0.09524842351675034
            }
        }
    }
}