{
    "last_state": {
        "epoch": 5000,
        "train": {
            "loss": 0.968779981136322
        },
        "test": {
            "loss": 1.0466859340667725
        }
    },
    "best_state": {
        "train": {
            "epoch": 218,
            "train": {
                "loss": 4.450794222066179e-06
            },
            "test": {
                "loss": 2.5953402519226074
            }
        },
        "test": {
            "epoch": 1133,
            "train": {
                "loss": 0.15754248201847076
            },
            "test": {
                "loss": 0.22516220808029175
            }
        }
    }
}